path,face_count,eye_sharpness_min,eye_sharpness_max,whole_image_sharpness,fallback_used
/Users/ak/Documents/coding/photography_code/triage-keepers/temp/IMG_4223.JPG,0,,,1000.2937,True
/Users/ak/Documents/coding/photography_code/triage-keepers/temp/IMG_4224.JPG,0,,,1106.0826,True
/Users/ak/Documents/coding/photography_code/triage-keepers/temp/IMG_4225.JPG,0,,,1042.0386,True
/Users/ak/Documents/coding/photography_code/triage-keepers/temp/IMG_4226.JPG,0,,,1682.8778,True
/Users/ak/Documents/coding/photography_code/triage-keepers/temp/IMG_4227.JPG,0,,,1636.8542,True
/Users/ak/Documents/coding/photography_code/triage-keepers/temp/IMG_4228.JPG,0,,,1380.3021,True
/Users/ak/Documents/coding/photography_code/triage-keepers/temp/IMG_4229.JPG,0,,,733.8338,True
/Users/ak/Documents/coding/photography_code/triage-keepers/temp/IMG_4230.JPG,1,1.2803,2.399,725.5525,False
/Users/ak/Documents/coding/photography_code/triage-keepers/temp/IMG_4231.JPG,0,,,812.8277,True
/Users/ak/Documents/coding/photography_code/triage-keepers/temp/IMG_4232.JPG,0,,,854.23,True
/Users/ak/Documents/coding/photography_code/triage-keepers/temp/IMG_4233.JPG,0,,,796.5987,True
/Users/ak/Documents/coding/photography_code/triage-keepers/temp/IMG_4234.JPG,0,,,803.3433,True
/Users/ak/Documents/coding/photography_code/triage-keepers/temp/IMG_4235.JPG,0,,,762.4707,True
/Users/ak/Documents/coding/photography_code/triage-keepers/temp/IMG_4236.JPG,0,,,758.7257,True
/Users/ak/Documents/coding/photography_code/triage-keepers/temp/IMG_4242.JPG,0,,,937.5215,True
/Users/ak/Documents/coding/photography_code/triage-keepers/temp/IMG_4243.JPG,1,2.9161,3.2277,1109.6743,False
/Users/ak/Documents/coding/photography_code/triage-keepers/temp/IMG_4244.JPG,1,3.8395,4.1225,1243.2019,False
/Users/ak/Documents/coding/photography_code/triage-keepers/temp/IMG_4245.JPG,0,,,595.6427,True
/Users/ak/Documents/coding/photography_code/triage-keepers/temp/IMG_4246.JPG,0,,,1572.0947,True
/Users/ak/Documents/coding/photography_code/triage-keepers/temp/IMG_4247.JPG,0,,,1168.3232,True
/Users/ak/Documents/coding/photography_code/triage-keepers/temp/IMG_4248.JPG,0,,,1090.5796,True
/Users/ak/Documents/coding/photography_code/triage-keepers/temp/IMG_4249.JPG,0,,,1541.1465,True
/Users/ak/Documents/coding/photography_code/triage-keepers/temp/IMG_4250.JPG,0,,,1169.7768,True
/Users/ak/Documents/coding/photography_code/triage-keepers/temp/IMG_4251.JPG,0,,,606.7177,True
/Users/ak/Documents/coding/photography_code/triage-keepers/temp/IMG_4252.JPG,0,,,893.311,True
/Users/ak/Documents/coding/photography_code/triage-keepers/temp/IMG_4253.JPG,0,,,736.1101,True
/Users/ak/Documents/coding/photography_code/triage-keepers/temp/IMG_4254.JPG,0,,,905.1838,True
/Users/ak/Documents/coding/photography_code/triage-keepers/temp/IMG_4255.JPG,0,,,909.8291,True
/Users/ak/Documents/coding/photography_code/triage-keepers/temp/IMG_4256.JPG,0,,,926.2619,True
/Users/ak/Documents/coding/photography_code/triage-keepers/temp/IMG_4257.JPG,0,,,1265.2813,True
/Users/ak/Documents/coding/photography_code/triage-keepers/temp/IMG_4258.JPG,0,,,1015.2642,True
/Users/ak/Documents/coding/photography_code/triage-keepers/temp/IMG_4259.JPG,0,,,985.4981,True
/Users/ak/Documents/coding/photography_code/triage-keepers/temp/IMG_4260.JPG,0,,,944.3567,True
/Users/ak/Documents/coding/photography_code/triage-keepers/temp/IMG_4261.JPG,1,3.9468,4.6448,873.4515,False
/Users/ak/Documents/coding/photography_code/triage-keepers/temp/IMG_4262.JPG,0,,,598.3602,True
/Users/ak/Documents/coding/photography_code/triage-keepers/temp/IMG_4263.JPG,0,,,817.2762,True
/Users/ak/Documents/coding/photography_code/triage-keepers/temp/IMG_4264.JPG,0,,,203.2306,True
/Users/ak/Documents/coding/photography_code/triage-keepers/temp/IMG_4265.JPG,0,,,717.8252,True
/Users/ak/Documents/coding/photography_code/triage-keepers/temp/IMG_4266.JPG,1,3.4194,4.0514,959.6999,False
/Users/ak/Documents/coding/photography_code/triage-keepers/temp/IMG_4267.JPG,0,,,903.8462,True
/Users/ak/Documents/coding/photography_code/triage-keepers/temp/IMG_4268.JPG,0,,,873.4122,True
/Users/ak/Documents/coding/photography_code/triage-keepers/temp/IMG_4269.JPG,0,,,723.2869,True
/Users/ak/Documents/coding/photography_code/triage-keepers/temp/IMG_4270.JPG,0,,,784.8744,True
/Users/ak/Documents/coding/photography_code/triage-keepers/temp/IMG_4271.JPG,0,,,1249.9474,True
/Users/ak/Documents/coding/photography_code/triage-keepers/temp/IMG_4272.JPG,0,,,1051.8003,True
/Users/ak/Documents/coding/photography_code/triage-keepers/temp/IMG_4273.JPG,1,11.9187,58.4733,1317.0658,False
/Users/ak/Documents/coding/photography_code/triage-keepers/temp/IMG_4274.JPG,0,,,1403.121,True
/Users/ak/Documents/coding/photography_code/triage-keepers/temp/IMG_4275.JPG,0,,,1128.7173,True
/Users/ak/Documents/coding/photography_code/triage-keepers/temp/IMG_4276.JPG,0,,,1383.9384,True
/Users/ak/Documents/coding/photography_code/triage-keepers/temp/IMG_4277.JPG,0,,,1406.1789,True
/Users/ak/Documents/coding/photography_code/triage-keepers/temp/IMG_4278.JPG,1,2.3508,3.7831,1432.2527,False
/Users/ak/Documents/coding/photography_code/triage-keepers/temp/IMG_4279.JPG,0,,,1603.2373,True
/Users/ak/Documents/coding/photography_code/triage-keepers/temp/IMG_4280.JPG,0,,,1182.3753,True
/Users/ak/Documents/coding/photography_code/triage-keepers/temp/IMG_4281.JPG,0,,,1093.6204,True
/Users/ak/Documents/coding/photography_code/triage-keepers/temp/IMG_4282.JPG,0,,,1009.4914,True
/Users/ak/Documents/coding/photography_code/triage-keepers/temp/IMG_4283.JPG,0,,,1320.2165,True
/Users/ak/Documents/coding/photography_code/triage-keepers/temp/IMG_4284.JPG,0,,,697.1865,True
/Users/ak/Documents/coding/photography_code/triage-keepers/temp/IMG_4285.JPG,0,,,1215.1754,True
/Users/ak/Documents/coding/photography_code/triage-keepers/temp/IMG_4286.JPG,0,,,1203.1859,True
/Users/ak/Documents/coding/photography_code/triage-keepers/temp/IMG_4287.JPG,0,,,1157.5999,True
/Users/ak/Documents/coding/photography_code/triage-keepers/temp/IMG_4288.JPG,0,,,1482.8326,True
/Users/ak/Documents/coding/photography_code/triage-keepers/temp/IMG_4289.JPG,0,,,739.7412,True
/Users/ak/Documents/coding/photography_code/triage-keepers/temp/IMG_4290.JPG,0,,,1222.6012,True
/Users/ak/Documents/coding/photography_code/triage-keepers/temp/IMG_4291.JPG,0,,,1469.7931,True
/Users/ak/Documents/coding/photography_code/triage-keepers/temp/IMG_4292.JPG,0,,,1416.3786,True
/Users/ak/Documents/coding/photography_code/triage-keepers/temp/IMG_4293.JPG,0,,,1502.0096,True
/Users/ak/Documents/coding/photography_code/triage-keepers/temp/IMG_4294.JPG,0,,,1508.4263,True
/Users/ak/Documents/coding/photography_code/triage-keepers/temp/IMG_4295.JPG,0,,,1385.2732,True
/Users/ak/Documents/coding/photography_code/triage-keepers/temp/IMG_4296.JPG,0,,,1359.7205,True
/Users/ak/Documents/coding/photography_code/triage-keepers/temp/IMG_4297.JPG,0,,,1189.0345,True
/Users/ak/Documents/coding/photography_code/triage-keepers/temp/IMG_4298.JPG,0,,,1263.4502,True
/Users/ak/Documents/coding/photography_code/triage-keepers/temp/IMG_4299.JPG,0,,,910.8781,True
/Users/ak/Documents/coding/photography_code/triage-keepers/temp/IMG_4300.JPG,0,,,1051.3132,True
/Users/ak/Documents/coding/photography_code/triage-keepers/temp/IMG_4301.JPG,0,,,1063.7899,True
/Users/ak/Documents/coding/photography_code/triage-keepers/temp/IMG_4302.JPG,0,,,1164.1176,True
/Users/ak/Documents/coding/photography_code/triage-keepers/temp/IMG_4303.JPG,0,,,1090.6423,True
/Users/ak/Documents/coding/photography_code/triage-keepers/temp/IMG_4305.JPG,0,,,500.322,True
/Users/ak/Documents/coding/photography_code/triage-keepers/temp/IMG_4306.JPG,0,,,486.4699,True
/Users/ak/Documents/coding/photography_code/triage-keepers/temp/IMG_4307.JPG,0,,,1136.0868,True
/Users/ak/Documents/coding/photography_code/triage-keepers/temp/IMG_4308.JPG,0,,,468.2649,True
/Users/ak/Documents/coding/photography_code/triage-keepers/temp/IMG_4309.JPG,0,,,571.2206,True
/Users/ak/Documents/coding/photography_code/triage-keepers/temp/IMG_4310.JPG,1,17.6191,195.0251,260.4105,False
/Users/ak/Documents/coding/photography_code/triage-keepers/temp/IMG_4311.JPG,1,12.023,191.5753,241.6251,False
/Users/ak/Documents/coding/photography_code/triage-keepers/temp/IMG_4312.JPG,0,,,697.6871,True
/Users/ak/Documents/coding/photography_code/triage-keepers/temp/IMG_4313.JPG,0,,,702.0325,True
/Users/ak/Documents/coding/photography_code/triage-keepers/temp/IMG_4314.JPG,0,,,782.7522,True
/Users/ak/Documents/coding/photography_code/triage-keepers/temp/IMG_4315.JPG,0,,,730.4559,True
/Users/ak/Documents/coding/photography_code/triage-keepers/temp/IMG_4316.JPG,0,,,761.7718,True
/Users/ak/Documents/coding/photography_code/triage-keepers/temp/IMG_4317.JPG,0,,,766.0384,True
/Users/ak/Documents/coding/photography_code/triage-keepers/temp/IMG_4318.JPG,0,,,768.6416,True
/Users/ak/Documents/coding/photography_code/triage-keepers/temp/IMG_4319.JPG,0,,,764.1618,True
/Users/ak/Documents/coding/photography_code/triage-keepers/temp/IMG_4320.JPG,0,,,762.6849,True
/Users/ak/Documents/coding/photography_code/triage-keepers/temp/IMG_4321.JPG,0,,,769.3258,True
/Users/ak/Documents/coding/photography_code/triage-keepers/temp/IMG_4322.JPG,0,,,777.3865,True
/Users/ak/Documents/coding/photography_code/triage-keepers/temp/IMG_4323.JPG,0,,,865.7556,True
/Users/ak/Documents/coding/photography_code/triage-keepers/temp/IMG_4324.JPG,0,,,745.6737,True
/Users/ak/Documents/coding/photography_code/triage-keepers/temp/IMG_4325.JPG,0,,,530.4842,True
/Users/ak/Documents/coding/photography_code/triage-keepers/temp/IMG_4326.JPG,1,103.4828,108.1179,846.3573,False
/Users/ak/Documents/coding/photography_code/triage-keepers/temp/IMG_4327.JPG,0,,,843.3578,True
/Users/ak/Documents/coding/photography_code/triage-keepers/temp/IMG_4328.JPG,1,3.2786,5.9301,601.3591,False
/Users/ak/Documents/coding/photography_code/triage-keepers/temp/IMG_4329.JPG,1,5.4735,7.1965,663.2443,False
/Users/ak/Documents/coding/photography_code/triage-keepers/temp/IMG_4330.JPG,1,6.0505,9.6717,653.3906,False
/Users/ak/Documents/coding/photography_code/triage-keepers/temp/IMG_4331.JPG,1,6.6508,8.4593,638.9045,False
/Users/ak/Documents/coding/photography_code/triage-keepers/temp/IMG_4332.JPG,1,6.6063,6.9888,649.9362,False
/Users/ak/Documents/coding/photography_code/triage-keepers/temp/IMG_4333.JPG,1,2.7017,4.4004,573.3876,False
/Users/ak/Documents/coding/photography_code/triage-keepers/temp/IMG_4334.JPG,1,7.0186,13.0384,805.2951,False
/Users/ak/Documents/coding/photography_code/triage-keepers/temp/IMG_4335.JPG,0,,,726.1318,True
/Users/ak/Documents/coding/photography_code/triage-keepers/temp/IMG_4336.JPG,0,,,641.2536,True
/Users/ak/Documents/coding/photography_code/triage-keepers/temp/IMG_4337.JPG,0,,,521.6699,True
/Users/ak/Documents/coding/photography_code/triage-keepers/temp/IMG_4338.JPG,0,,,703.9279,True
/Users/ak/Documents/coding/photography_code/triage-keepers/temp/IMG_4339.JPG,0,,,630.4784,True
/Users/ak/Documents/coding/photography_code/triage-keepers/temp/IMG_4340.JPG,0,,,654.9489,True
/Users/ak/Documents/coding/photography_code/triage-keepers/temp/IMG_4341.JPG,0,,,582.2911,True
/Users/ak/Documents/coding/photography_code/triage-keepers/temp/IMG_4342.JPG,0,,,688.6949,True
/Users/ak/Documents/coding/photography_code/triage-keepers/temp/IMG_4343.JPG,0,,,725.3752,True
/Users/ak/Documents/coding/photography_code/triage-keepers/temp/IMG_4344.JPG,1,6.5254,8.2983,650.343,False
/Users/ak/Documents/coding/photography_code/triage-keepers/temp/IMG_4345.JPG,0,,,720.009,True
/Users/ak/Documents/coding/photography_code/triage-keepers/temp/IMG_4346.JPG,1,7.4842,14.5816,715.4092,False
/Users/ak/Documents/coding/photography_code/triage-keepers/temp/IMG_4347.JPG,0,,,681.1266,True
/Users/ak/Documents/coding/photography_code/triage-keepers/temp/IMG_4348.JPG,0,,,662.5075,True
/Users/ak/Documents/coding/photography_code/triage-keepers/temp/IMG_4349.JPG,0,,,670.3661,True
/Users/ak/Documents/coding/photography_code/triage-keepers/temp/IMG_4350.JPG,0,,,579.3033,True
/Users/ak/Documents/coding/photography_code/triage-keepers/temp/IMG_4351.JPG,0,,,408.122,True
/Users/ak/Documents/coding/photography_code/triage-keepers/temp/IMG_4352.JPG,0,,,623.4564,True
/Users/ak/Documents/coding/photography_code/triage-keepers/temp/IMG_4353.JPG,0,,,407.1415,True
/Users/ak/Documents/coding/photography_code/triage-keepers/temp/IMG_4354.JPG,0,,,588.4156,True
/Users/ak/Documents/coding/photography_code/triage-keepers/temp/IMG_4355.JPG,0,,,570.8425,True
/Users/ak/Documents/coding/photography_code/triage-keepers/temp/IMG_4356.JPG,0,,,373.0353,True
/Users/ak/Documents/coding/photography_code/triage-keepers/temp/IMG_4357.JPG,0,,,533.6971,True
/Users/ak/Documents/coding/photography_code/triage-keepers/temp/IMG_4358.JPG,0,,,558.4037,True
/Users/ak/Documents/coding/photography_code/triage-keepers/temp/IMG_4359.JPG,0,,,561.2095,True
/Users/ak/Documents/coding/photography_code/triage-keepers/temp/IMG_4360.JPG,0,,,560.9233,True
/Users/ak/Documents/coding/photography_code/triage-keepers/temp/IMG_4361.JPG,0,,,522.4819,True
/Users/ak/Documents/coding/photography_code/triage-keepers/temp/IMG_4362.JPG,0,,,304.963,True
/Users/ak/Documents/coding/photography_code/triage-keepers/temp/IMG_4363.JPG,0,,,303.4107,True
/Users/ak/Documents/coding/photography_code/triage-keepers/temp/IMG_4364.JPG,0,,,708.9885,True
/Users/ak/Documents/coding/photography_code/triage-keepers/temp/IMG_4365.JPG,0,,,704.5148,True
/Users/ak/Documents/coding/photography_code/triage-keepers/temp/IMG_4366.JPG,0,,,664.1471,True
/Users/ak/Documents/coding/photography_code/triage-keepers/temp/IMG_4367.JPG,0,,,341.7494,True
/Users/ak/Documents/coding/photography_code/triage-keepers/temp/IMG_4368.JPG,0,,,585.3542,True
/Users/ak/Documents/coding/photography_code/triage-keepers/temp/IMG_4369.JPG,0,,,429.3384,True
/Users/ak/Documents/coding/photography_code/triage-keepers/temp/IMG_4370.JPG,0,,,324.5839,True
/Users/ak/Documents/coding/photography_code/triage-keepers/temp/IMG_4371.JPG,0,,,617.7238,True
/Users/ak/Documents/coding/photography_code/triage-keepers/temp/IMG_4372.JPG,0,,,578.993,True
/Users/ak/Documents/coding/photography_code/triage-keepers/temp/IMG_4373.JPG,1,2.5464,3.054,498.8774,False
/Users/ak/Documents/coding/photography_code/triage-keepers/temp/IMG_4374.JPG,1,1.4996,2.5447,221.7415,False
/Users/ak/Documents/coding/photography_code/triage-keepers/temp/IMG_4375.JPG,0,,,271.8722,True
/Users/ak/Documents/coding/photography_code/triage-keepers/temp/IMG_4376.JPG,0,,,779.2697,True
/Users/ak/Documents/coding/photography_code/triage-keepers/temp/IMG_4377.JPG,0,,,239.5749,True
/Users/ak/Documents/coding/photography_code/triage-keepers/temp/IMG_4378.JPG,0,,,701.8359,True
/Users/ak/Documents/coding/photography_code/triage-keepers/temp/IMG_4379.JPG,0,,,650.698,True
/Users/ak/Documents/coding/photography_code/triage-keepers/temp/IMG_4380.JPG,0,,,658.8836,True
/Users/ak/Documents/coding/photography_code/triage-keepers/temp/IMG_4381.JPG,0,,,443.1381,True
/Users/ak/Documents/coding/photography_code/triage-keepers/temp/IMG_4382.JPG,0,,,474.3223,True
/Users/ak/Documents/coding/photography_code/triage-keepers/temp/IMG_4383.JPG,0,,,590.6195,True
/Users/ak/Documents/coding/photography_code/triage-keepers/temp/IMG_4384.JPG,0,,,581.2846,True
/Users/ak/Documents/coding/photography_code/triage-keepers/temp/IMG_4385.JPG,0,,,392.7315,True
/Users/ak/Documents/coding/photography_code/triage-keepers/temp/IMG_4386.JPG,0,,,277.7659,True
/Users/ak/Documents/coding/photography_code/triage-keepers/temp/IMG_4387.JPG,0,,,261.955,True
/Users/ak/Documents/coding/photography_code/triage-keepers/temp/IMG_4388.JPG,0,,,269.1763,True
/Users/ak/Documents/coding/photography_code/triage-keepers/temp/IMG_4389.JPG,0,,,119.4388,True
/Users/ak/Documents/coding/photography_code/triage-keepers/temp/IMG_4390.JPG,0,,,147.7519,True
/Users/ak/Documents/coding/photography_code/triage-keepers/temp/IMG_4391.JPG,0,,,121.476,True
/Users/ak/Documents/coding/photography_code/triage-keepers/temp/IMG_4392.JPG,0,,,90.4593,True
/Users/ak/Documents/coding/photography_code/triage-keepers/temp/IMG_4393.JPG,0,,,167.4641,True
/Users/ak/Documents/coding/photography_code/triage-keepers/temp/IMG_4396.JPG,0,,,293.1555,True
/Users/ak/Documents/coding/photography_code/triage-keepers/temp/IMG_4397.JPG,1,2.4309,52.8037,503.8542,False
/Users/ak/Documents/coding/photography_code/triage-keepers/temp/IMG_4398.JPG,1,2.3318,27.6903,432.4219,False
/Users/ak/Documents/coding/photography_code/triage-keepers/temp/IMG_4399.JPG,1,2.7551,5.0257,179.5352,False
/Users/ak/Documents/coding/photography_code/triage-keepers/temp/IMG_4400.JPG,1,1.7964,4.3759,189.2351,False
/Users/ak/Documents/coding/photography_code/triage-keepers/temp/IMG_4401.JPG,0,,,204.1608,True
/Users/ak/Documents/coding/photography_code/triage-keepers/temp/IMG_4402.JPG,0,,,172.2177,True
/Users/ak/Documents/coding/photography_code/triage-keepers/temp/IMG_4403.JPG,0,,,159.4898,True
/Users/ak/Documents/coding/photography_code/triage-keepers/temp/IMG_4404.JPG,0,,,154.6712,True
/Users/ak/Documents/coding/photography_code/triage-keepers/temp/IMG_4405.JPG,0,,,193.9664,True
